"001","01","공지사항","공지사항","1","2012122013131","2012122013131"
"001","02","FAQ","FAQ","2","2012122013131","2012122013131"
"001","03","자료실","자료실","3","2012122013131","2012122013131"
"002","01","출장","출장","1","2012122013131","2012122013131"
"002","02","교육","교육","2","2012122013131","2012122013131"
"002","03","자료제출","자료제출","3","2012122013131","2012122013131"
"002","04","개발","개발","4","2012122013131","2012122013131"
"003","01","결재","결재","1","2012122013131","2012122013131"
"003","02","합의","합의","2","2012122013131","2012122013131"
"003","03","통보","통보","3","2012122013131","2012122013131"
"004","01","승인","승인","1","2012122013131","2012122013131"
"004","02","승인중","승인중","2","2012122013131","2012122013131"
"004","03","반려","반려","3","2012122013131","2012122013131"
